Number,Name,Bus,Load (MW),Hour 1,Hour 2,Hour 3,Hour 4,Hour 5,Hour 6,Hour 7,Hour 8,Hour 9,Hour 10,Hour 11,Hour 12,Hour 13,Hour 14,Hour 15,Hour 16,Hour 17,Hour 18,Hour 19,Hour 20,Hour 21,Hour 22,Hour 23,Hour 24
1,DEMANDA 1,1,1500,0.466666667,1.071428571,1.133333333,1.117647059,1.052631579,1.1,1.045454545,1.043478261,1.083333333,1.076923077,1.035714286,1.034482759,0.933333333,0.928571429,0.923076923,0.875,0.952380952,1.1,1.090909091,1.166666667,0.928571429,0.846153846,0.818181818,0.888888889
